age_group,biomarker_id,biomarker_name,group_name,estimate,se,hazard_ratio,ci_lower,ci_upper,pvalue,n_events,n,endpoint_type,analysis_method,sex,icd10,icd10_desc,icd10_chapter,endpoint_type_icd10
"Full population","acace","Acetoacetate","Ketone bodies","0.0906310277175529","0.0077619224790867","1.0948649558997927","1.0783344336369636","1.111648885786229","1.6834473767846696e-31","14318","471846","incident","cox_regression","both","I50","I50 Heart failure","Diseases of the circulatory system","incident_I50"
"Full population","ace","Acetate","Ketone bodies","-0.0863474078829864","0.0085091901212471","0.9172755071176807","0.9021040412356516","0.9327021246967295","3.3979634547681726e-24","14409","475374","incident","cox_regression","both","I50","I50 Heart failure","Diseases of the circulatory system","incident_I50"
"Full population","acetone","Acetone","Ketone bodies","0.0640160305690536","0.0078639009875226","1.0661094889663036","1.0498032699194524","1.0826689866866193","3.936717517712212e-16","14532","478616","incident","cox_regression","both","I50","I50 Heart failure","Diseases of the circulatory system","incident_I50"
"Full population","ala","Alanine","Amino acids","0.0776441542511622","0.0082147754356638","1.08073801420913","1.0634764317601915","1.098279774215129","3.331541231619216e-21","14858","485940","incident","cox_regression","both","I50","I50 Heart failure","Diseases of the circulatory system","incident_I50"
"Full population","alb","Albumin","Fluid balance","-0.2462009538427695","0.0077808663912156","0.7817651104365405","0.7699332532600457","0.7937787922629672","9.819142093198471e-220","14871","485645","incident","cox_regression","both","I50","I50 Heart failure","Diseases of the circulatory system","incident_I50"
"Full population","apoa1","ApoA1","Apolipoproteins","-0.2246415170963639","0.0093197069606143","0.7988025244868666","0.7843435581134074","0.8135280344003679","2.2737106286673044e-128","14883","486155","incident","cox_regression","both","I50","I50 Heart failure","Diseases of the circulatory system","incident_I50"
"Full population","apob","ApoB","Apolipoproteins","-0.2632372045438873","0.0083278215529067","0.7685595698653458","0.7561165600040362","0.7812073477513205","2.7448087207219658e-219","14887","486230","incident","cox_regression","both","I50","I50 Heart failure","Diseases of the circulatory system","incident_I50"
"Full population","apobbyapoa1","ApoB/ApoA1","Apolipoproteins","-0.1213374838521881","0.0085232516417228","0.8857349878909212","0.8710611855959399","0.9006559834684787","5.4730246250222995e-46","14886","486206","incident","cox_regression","both","I50","I50 Heart failure","Diseases of the circulatory system","incident_I50"
"Full population","bohbut","3-Hydroxybutyrate","Ketone bodies","0.0623392300989559","0.0081597006399859","1.0643233340052733","1.0474369885171506","1.0814819141643792","2.1740434249564672e-14","13904","459968","incident","cox_regression","both","I50","I50 Heart failure","Diseases of the circulatory system","incident_I50"
"Full population","cholines","Total cholines","Other lipids","-0.2681116589941862","0.0085857089329619","0.7648223770375356","0.7520596408751125","0.7778017016531859","4.488416682873341e-214","14867","485556","incident","cox_regression","both","I50","I50 Heart failure","Diseases of the circulatory system","incident_I50"
"Full population","cit","Citrate","Glycolysis related metabolites","0.0586558738606082","0.0083299815735769","1.0604102630545835","1.0432377622139577","1.0778654365474103","1.901306453337404e-12","14871","486079","incident","cox_regression","both","I50","I50 Heart failure","Diseases of the circulatory system","incident_I50"
"Full population","clinldlc","Clinical LDL-C","Cholesterol","-0.3254269451577544","0.0076409333436873","0.722218939929645","0.7114834129517619","0.7331164545763829","0","14886","486231","incident","cox_regression","both","I50","I50 Heart failure","Diseases of the circulatory system","incident_I50"
"Full population","crea","Creatinine","Fluid balance","0.1524445844012946","0.0089483251580984","1.164677918982104","1.1444290508455424","1.1852850589228536","4.433080571274358e-65","14432","475971","incident","cox_regression","both","I50","I50 Heart failure","Diseases of the circulatory system","incident_I50"
"Full population","dha","DHA","Fatty acids","-0.2730903219175424","0.0090447793472397","0.7610240473733505","0.7476516713840241","0.7746355995010368","2.914089295356888e-200","14845","484424","incident","cox_regression","both","I50","I50 Heart failure","Diseases of the circulatory system","incident_I50"
"Full population","dhabyfa","DHA %","Fatty acid ratios","-0.205039808913248","0.0081435057538512","0.8146148868325652","0.8017158142836837","0.8277214968525268","6.921422274306878e-140","14843","484775","incident","cox_regression","both","I50","I50 Heart failure","Diseases of the circulatory system","incident_I50"
"Full population","faw3","Omega-3","Fatty acids","-0.1957960978256616","0.0088299701998437","0.8221798618493618","0.8080730311835662","0.836532960691119","6.11686503179583e-109","14850","484738","incident","cox_regression","both","I50","I50 Heart failure","Diseases of the circulatory system","incident_I50"
"Full population","faw3byfa","Omega-3 %","Fatty acid ratios","-0.1791412033809346","0.008326911071649","0.8359878467521338","0.8224546381233001","0.8497437396814772","1.1632225046408182e-102","14843","484515","incident","cox_regression","both","I50","I50 Heart failure","Diseases of the circulatory system","incident_I50"
"Full population","faw6","Omega-6","Fatty acids","-0.2656622964329204","0.0083696775798358","0.7666980004370223","0.7542232520943943","0.7793790793930062","4.2207225968837665e-221","14866","485532","incident","cox_regression","both","I50","I50 Heart failure","Diseases of the circulatory system","incident_I50"
"Full population","faw6byfa","Omega-6 %","Fatty acid ratios","-0.1874732078950314","0.0074838979909284","0.8290513299131048","0.8169791963115814","0.8413018479953481","1.7367223044407314e-138","14871","485644","incident","cox_regression","both","I50","I50 Heart failure","Diseases of the circulatory system","incident_I50"
"Full population","faw6byfaw3","Omega-6/Omega-3","Fatty acid ratios","0.1037906715348146","0.0083858531613531","1.1093682082641516","1.0912833612958104","1.1277527589588283","3.4864793137174606e-35","14736","482034","incident","cox_regression","both","I50","I50 Heart failure","Diseases of the circulatory system","incident_I50"
"Full population","glc","Glucose","Glycolysis related metabolites","0.1139229116547416","0.0084082059057549","1.1206657312874133","1.1023484163856412","1.1392874182191384","8.029994736288779e-42","14090","478125","incident","cox_regression","both","I50","I50 Heart failure","Diseases of the circulatory system","incident_I50"
"Full population","gln","Glutamine","Amino acids","-0.0911602454597986","0.0082689754354669","0.912871415678264","0.8981955817787064","0.9277870415619026","2.9155247574821062e-28","14794","484288","incident","cox_regression","both","I50","I50 Heart failure","Diseases of the circulatory system","incident_I50"
"Full population","gly","Glycine","Amino acids","-0.1516501112268543","0.0100496335514034","0.8592888836825491","0.8425288340179544","0.8763823335269572","1.881183494515825e-51","14773","483102","incident","cox_regression","both","I50","I50 Heart failure","Diseases of the circulatory system","incident_I50"
"Full population","gp","Glycoprotein acetyls","Inflammation","0.2654224179018786","0.0081693778165964","1.3039816846628576","1.283268626410215","1.3250290694729703","1.4800772905666458e-231","14874","486138","incident","cox_regression","both","I50","I50 Heart failure","Diseases of the circulatory system","incident_I50"
"Full population","hdlc","HDL-C","Cholesterol","-0.2746868770081813","0.0096758785148963","0.7598099999610889","0.7455361918319896","0.774357090059244","2.777866419257492e-177","14884","486191","incident","cox_regression","both","I50","I50 Heart failure","Diseases of the circulatory system","incident_I50"
"Full population","hdlce","HDL-CE","Cholesteryl esters","-0.2737104832234248","0.0096438180112759","0.7605522360210173","0.746311379907433","0.7750648312348053","3.3766190566329683e-177","14887","486217","incident","cox_regression","both","I50","I50 Heart failure","Diseases of the circulatory system","incident_I50"
"Full population","hdld","HDL particle size","Lipoprotein particle sizes","-0.133822637843251","0.0097726096370558","0.8747451975404128","0.8581494995850848","0.8916618386306581","1.1080962461645017e-42","14886","486272","incident","cox_regression","both","I50","I50 Heart failure","Diseases of the circulatory system","incident_I50"
"Full population","hdlfc","HDL-FC","Free cholesterol","-0.251910724815045","0.0100325231137776","0.7773141298341278","0.7621785218300472","0.7927503060424962","3.9255533096569976e-139","14880","486091","incident","cox_regression","both","I50","I50 Heart failure","Diseases of the circulatory system","incident_I50"
"Full population","hdll","HDL-L","Total lipids","-0.2225162126161924","0.0094500048399069","0.8005020284128748","0.7858115904432459","0.8154670983303701","1.35772210336299e-122","14883","486164","incident","cox_regression","both","I50","I50 Heart failure","Diseases of the circulatory system","incident_I50"
"Full population","hdlp","HDL-P","Lipoprotein particle concentrations","-0.2643971270414342","0.0092840708480298","0.767668617147497","0.7538258499379037","0.7817655839232563","2.1582512341007986e-178","14883","486130","incident","cox_regression","both","I50","I50 Heart failure","Diseases of the circulatory system","incident_I50"
"Full population","hdlpl","HDL-PL","Phospholipids","-0.1810037545422572","0.0094298137454932","0.8344322257788558","0.8191515336406395","0.8499979684146096","4.0874898259454935e-82","14884","486175","incident","cox_regression","both","I50","I50 Heart failure","Diseases of the circulatory system","incident_I50"
"Full population","hdltg","HDL-TG","Triglycerides","0.0705205665355279","0.0082106404543449","1.0730666384669143","1.0559361413456698","1.090475044374619","8.778759085140471e-18","14844","485604","incident","cox_regression","both","I50","I50 Heart failure","Diseases of the circulatory system","incident_I50"
"Full population","his","Histidine","Amino acids","-0.1461568864782466","0.008488882135108","0.8640221391602997","0.8497652913402727","0.8785181797454759","1.9646199956262497e-66","14858","485516","incident","cox_regression","both","I50","I50 Heart failure","Diseases of the circulatory system","incident_I50"
"Full population","idlc","IDL-C","IDL (average diameter 28.6 nm)","-0.3473667611320928","0.0081609316527778","0.7065461470670872","0.6953345466340355","0.7179385237680216","0","14888","486246","incident","cox_regression","both","I50","I50 Heart failure","Diseases of the circulatory system","incident_I50"
"Full population","idlce","IDL-CE","IDL (average diameter 28.6 nm)","-0.3537595426018872","0.0082643094486996","0.7020437586765925","0.6907636259084534","0.71350809540466","0","14888","486243","incident","cox_regression","both","I50","I50 Heart failure","Diseases of the circulatory system","incident_I50"
"Full population","idlcepct","IDL-CE %","IDL ratios","-0.3286411483754125","0.0068108638923657","0.7199013081541319","0.7103549945307465","0.729575912708809","0","14829","485826","incident","cox_regression","both","I50","I50 Heart failure","Diseases of the circulatory system","incident_I50"
"Full population","idlcpct","IDL-C %","IDL ratios","-0.3067084788201762","0.0066250077300915","0.7358650899008911","0.7263716402442578","0.7454826159688126","0","14782","485303","incident","cox_regression","both","I50","I50 Heart failure","Diseases of the circulatory system","incident_I50"
"Full population","idlfc","IDL-FC","IDL (average diameter 28.6 nm)","-0.3298735109955742","0.008440842412725","0.7190146751306673","0.7072171183609566","0.731009034752177","0","14887","486247","incident","cox_regression","both","I50","I50 Heart failure","Diseases of the circulatory system","incident_I50"
"Full population","idlfcpct","IDL-FC %","IDL ratios","-0.1570307929898901","0.0073319732415708","0.8546777403294574","0.8424832817746988","0.8670487066234919","9.225427911192074e-102","14840","485723","incident","cox_regression","both","I50","I50 Heart failure","Diseases of the circulatory system","incident_I50"
"Full population","idll","IDL-L","IDL (average diameter 28.6 nm)","-0.321740944098235","0.0081703683860882","0.7248859519924395","0.713370137645649","0.7365876641965576","0","14887","486232","incident","cox_regression","both","I50","I50 Heart failure","Diseases of the circulatory system","incident_I50"
"Full population","idlp","IDL-P","IDL (average diameter 28.6 nm)","-0.2809631350830406","0.008694416612123","0.7550561700501539","0.742298228292228","0.7680333836205332","4.257588738125224e-229","14888","486250","incident","cox_regression","both","I50","I50 Heart failure","Diseases of the circulatory system","incident_I50"
"Full population","idlpl","IDL-PL","IDL (average diameter 28.6 nm)","-0.3109743052797208","0.0085624922103407","0.7327327029892954","0.7205382404935469","0.7451335458090893","8.351125209056874e-289","14887","486223","incident","cox_regression","both","I50","I50 Heart failure","Diseases of the circulatory system","incident_I50"
"Full population","idlplpct","IDL-PL %","IDL ratios","0.2092770543361406","0.0082398834075675","1.2327865000662086","1.2130366973172118","1.2528578550893348","2.649432129503388e-142","14880","486118","incident","cox_regression","both","I50","I50 Heart failure","Diseases of the circulatory system","incident_I50"
"Full population","idltg","IDL-TG","IDL (average diameter 28.6 nm)","0.0769694830883058","0.0081693714892086","1.0800091173468358","1.0628537578536028","1.0974413788664927","4.4378291738116496e-21","14830","485442","incident","cox_regression","both","I50","I50 Heart failure","Diseases of the circulatory system","incident_I50"
"Full population","idltgpct","IDL-TG %","IDL ratios","0.3432420775159963","0.0078037066931653","1.4095099312930077","1.3881151398095135","1.4312344771963588","0","14630","483512","incident","cox_regression","both","I50","I50 Heart failure","Diseases of the circulatory system","incident_I50"
"Full population","ile","Isoleucine","Branched-chain amino acids","0.0596851766775144","0.0080829821170549","1.0615023082516053","1.044817816277985","1.0784532316241553","1.535410909029482e-13","14834","484726","incident","cox_regression","both","I50","I50 Heart failure","Diseases of the circulatory system","incident_I50"
"Full population","la","LA","Fatty acids","-0.2814032659119042","0.0081515009612872","0.7547239196743712","0.742761554935309","0.7668789413558931","3.7974237557166857e-261","14867","485504","incident","cox_regression","both","I50","I50 Heart failure","Diseases of the circulatory system","incident_I50"
"Full population","labyfa","LA %","Fatty acid ratios","-0.2826754612885493","0.0073801266926846","0.7537643738873923","0.742939614874962","0.7647468515156173","5.62e-305","14873","485649","incident","cox_regression","both","I50","I50 Heart failure","Diseases of the circulatory system","incident_I50"
"Full population","lac","Lactate","Glycolysis related metabolites","0.0628855106066482","0.0084117689470648","1.0649049119344027","1.0474916940453476","1.0826076024359623","7.667952792026443e-14","14855","485101","incident","cox_regression","both","I50","I50 Heart failure","Diseases of the circulatory system","incident_I50"
"Full population","leu","Leucine","Branched-chain amino acids","0.0205020605257818","0.0084280417564369","1.0207136714478626","1.0039910417632478","1.037714835832426","0.0149908211725112","14855","485332","incident","cox_regression","both","I50","I50 Heart failure","Diseases of the circulatory system","incident_I50"
"Full population","lhdlc","L-HDL-C","Large HDL (average diameter 12.1 nm)","-0.2242357936522274","0.0101090591539793","0.7991266831532249","0.7834488137304385","0.8151182879283793","5.162899961968066e-109","14882","486131","incident","cox_regression","both","I50","I50 Heart failure","Diseases of the circulatory system","incident_I50"
"Full population","lhdlce","L-HDL-CE","Large HDL (average diameter 12.1 nm)","-0.2264683776538857","0.0101443507347749","0.7973445558198463","0.7816475799096355","0.813356756978697","2.1327880055198694e-110","14884","486160","incident","cox_regression","both","I50","I50 Heart failure","Diseases of the circulatory system","incident_I50"
"Full population","lhdlcepct","L-HDL-CE %","Large HDL ratios","-0.1860698068454589","0.0067023643786262","0.830215638224312","0.8193807220733493","0.8411938277094352","1.254729310377544e-169","14691","484040","incident","cox_regression","both","I50","I50 Heart failure","Diseases of the circulatory system","incident_I50"
"Full population","lhdlcpct","L-HDL-C %","Large HDL ratios","-0.189521980645874","0.0067888648164432","0.8273545309106308","0.8164185262531868","0.8384370244019534","1.6780926358249673e-171","14654","483610","incident","cox_regression","both","I50","I50 Heart failure","Diseases of the circulatory system","incident_I50"
"Full population","lhdlfc","L-HDL-FC","Large HDL (average diameter 12.1 nm)","-0.2020729925469195","0.0103236411003096","0.817035288279023","0.8006692575535631","0.8337358478491712","2.586048247194348e-85","14878","486004","incident","cox_regression","both","I50","I50 Heart failure","Diseases of the circulatory system","incident_I50"
"Full population","lhdlfcpct","L-HDL-FC %","Large HDL ratios","-0.143794526523892","0.0073146875010205","0.8660656833045788","0.8537376668774074","0.8785717169317929","4.9063165447137016e-86","14554","481336","incident","cox_regression","both","I50","I50 Heart failure","Diseases of the circulatory system","incident_I50"
"Full population","lhdll","L-HDL-L","Large HDL (average diameter 12.1 nm)","-0.2023595887571181","0.0099455897931274","0.8168011626131706","0.8010331518028909","0.8328795602836614","4.9695062219706e-92","14881","486125","incident","cox_regression","both","I50","I50 Heart failure","Diseases of the circulatory system","incident_I50"
"Full population","lhdlp","L-HDL-P","Large HDL (average diameter 12.1 nm)","-0.2154459297648813","0.010479747523503","0.8061818595223587","0.7897915454089349","0.8229123170550154","6.484878285062167e-94","14881","486106","incident","cox_regression","both","I50","I50 Heart failure","Diseases of the circulatory system","incident_I50"
"Full population","lhdlpl","L-HDL-PL","Large HDL (average diameter 12.1 nm)","-0.1735903460902663","0.0100070333617058","0.8406411990852922","0.8243136885909188","0.8572921151019002","2.084188794278113e-67","14882","486158","incident","cox_regression","both","I50","I50 Heart failure","Diseases of the circulatory system","incident_I50"
"Full population","lhdlplpct","L-HDL-PL %","Large HDL ratios","0.2376490844698675","0.0073442033456571","1.2682640611722995","1.250138625934004","1.286652292388387","1.0457066859659024e-229","14708","484341","incident","cox_regression","both","I50","I50 Heart failure","Diseases of the circulatory system","incident_I50"
"Full population","lhdltg","L-HDL-TG","Large HDL (average diameter 12.1 nm)","0.0033226815119939","0.0086923942018223","1.0033282077371426","0.9863792029699531","1.0205684481282515","0.7022747580145491","14853","485537","incident","cox_regression","both","I50","I50 Heart failure","Diseases of the circulatory system","incident_I50"
"Full population","lhdltgpct","L-HDL-TG %","Large HDL ratios","0.158373998001439","0.0085347887042393","1.171604290442201","1.1521684921679582","1.1913679489704996","7.254738661115488e-77","14678","483440","incident","cox_regression","both","I50","I50 Heart failure","Diseases of the circulatory system","incident_I50"
"Full population","lldlc","L-LDL-C","Large LDL (average diameter 25.5 nm)","-0.3409245674187377","0.0080115488769182","0.7111125472383252","0.7000334193025889","0.7223670197682363","0","14885","486219","incident","cox_regression","both","I50","I50 Heart failure","Diseases of the circulatory system","incident_I50"
"Full population","lldlce","L-LDL-CE","Large LDL (average diameter 25.5 nm)","-0.3339006301726583","0.0081682584356355","0.7161249399033202","0.704751220826382","0.7276822152222603","0","14885","486214","incident","cox_regression","both","I50","I50 Heart failure","Diseases of the circulatory system","incident_I50"
"Full population","lldlcepct","L-LDL-CE %","Large LDL ratios","-0.2570782607765117","0.0075591997758801","0.7733076917367917","0.7619347991798153","0.7848503398755473","1.6590679068944672e-253","14828","485620","incident","cox_regression","both","I50","I50 Heart failure","Diseases of the circulatory system","incident_I50"
"Full population","lldlcpct","L-LDL-C %","Large LDL ratios","-0.364626605715796","0.0068492506705837","0.6944559083391451","0.685195460909027","0.7038415111322193","0","14720","484496","incident","cox_regression","both","I50","I50 Heart failure","Diseases of the circulatory system","incident_I50"
"Full population","lldlfc","L-LDL-FC","Large LDL (average diameter 25.5 nm)","-0.3642702568629734","0.0083195467053707","0.6947034210032254","0.6834672299766298","0.7061243348420477","0","14888","486238","incident","cox_regression","both","I50","I50 Heart failure","Diseases of the circulatory system","incident_I50"
"Full population","lldlfcpct","L-LDL-FC %","Large LDL ratios","-0.2531516802963703","0.0069982339189729","0.7763501158769134","0.7657739794474658","0.7870723197685319","1.5807385181911118e-286","14782","485158","incident","cox_regression","both","I50","I50 Heart failure","Diseases of the circulatory system","incident_I50"
"Full population","lldll","L-LDL-L","Large LDL (average diameter 25.5 nm)","-0.3247702511474484","0.0080100815332811","0.7226933725431043","0.7114358615214996","0.7341290184623941","0","14885","486220","incident","cox_regression","both","I50","I50 Heart failure","Diseases of the circulatory system","incident_I50"
"Full population","lldlp","L-LDL-P","Large LDL (average diameter 25.5 nm)","-0.2763063954934664","0.0087500680649926","0.7585804695132301","0.7456816377599476","0.7717024257906719","7.490200047568844e-219","14887","486218","incident","cox_regression","both","I50","I50 Heart failure","Diseases of the circulatory system","incident_I50"
"Full population","lldlpl","L-LDL-PL","Large LDL (average diameter 25.5 nm)","-0.3350393170073295","0.0083688503632881","0.7153099619526629","0.7036724762207378","0.7271399109096501","0","14887","486235","incident","cox_regression","both","I50","I50 Heart failure","Diseases of the circulatory system","incident_I50"
"Full population","lldlplpct","L-LDL-PL %","Large LDL ratios","0.0131468677353195","0.0082399304912779","1.0132336677666867","0.997001109654353","1.0297305143941673","0.1105988799613384","14873","486069","incident","cox_regression","both","I50","I50 Heart failure","Diseases of the circulatory system","incident_I50"
"Full population","lldltg","L-LDL-TG","Large LDL (average diameter 25.5 nm)","0.0649163942060102","0.0081693093024274","1.0670698074362244","1.050120109863192","1.0842930853788917","1.920486677071156e-15","14823","485292","incident","cox_regression","both","I50","I50 Heart failure","Diseases of the circulatory system","incident_I50"
"Full population","lldltgpct","L-LDL-TG %","Large LDL ratios","0.3717998102358973","0.0077073264768074","1.4503426084846358","1.4285978665340957","1.472418327971663","0","14619","483224","incident","cox_regression","both","I50","I50 Heart failure","Diseases of the circulatory system","incident_I50"
"Full population","lvldlc","L-VLDL-C","Large VLDL (average diameter 53.6 nm)","-0.0477255960590189","0.0086156777633527","0.9533953666325501","0.937430811924169","0.9696317995465491","3.035276647305424e-8","14883","486207","incident","cox_regression","both","I50","I50 Heart failure","Diseases of the circulatory system","incident_I50"
"Full population","lvldlce","L-VLDL-CE","Large VLDL (average diameter 53.6 nm)","-0.0931393579282456","0.0086568913745285","0.9110665271052744","0.8957384070767538","0.9266569461060759","5.375944032089971e-27","14886","486230","incident","cox_regression","both","I50","I50 Heart failure","Diseases of the circulatory system","incident_I50"
"Full population","lvldlcepct","L-VLDL-CE %","Large VLDL ratios","-0.1685874911904659","0.0078467289858461","0.844857342610595","0.8319631916018676","0.8579513331457751","2.147580655072753e-102","14872","485913","incident","cox_regression","both","I50","I50 Heart failure","Diseases of the circulatory system","incident_I50"
"Full population","lvldlcpct","L-VLDL-C %","Large VLDL ratios","-0.127304806685192","0.0080874850771366","0.8804652599949315","0.866618625375289","0.8945331329824973","7.922817720709842e-56","14860","485627","incident","cox_regression","both","I50","I50 Heart failure","Diseases of the circulatory system","incident_I50"
"Full population","lvldlfc","L-VLDL-FC","Large VLDL (average diameter 53.6 nm)","-0.0047017668710228","0.0085420537446171","0.9953092691318196","0.9787840997219901","1.0121134390118254","0.582027348364665","14875","486160","incident","cox_regression","both","I50","I50 Heart failure","Diseases of the circulatory system","incident_I50"
"Full population","lvldlfcpct","L-VLDL-FC %","Large VLDL ratios","0.017817909960552","0.0088405307127443","1.017977595931738","1.0004905900635346","1.0357702472275665","0.043854413674678","14747","481208","incident","cox_regression","both","I50","I50 Heart failure","Diseases of the circulatory system","incident_I50"
"Full population","lvldll","L-VLDL-L","Large VLDL (average diameter 53.6 nm)","-0.0096662536147297","0.0085313998969089","0.990380314447721","0.9739573182360391","1.0070802373783863","0.2572055147388542","14870","486090","incident","cox_regression","both","I50","I50 Heart failure","Diseases of the circulatory system","incident_I50"
"Full population","lvldlp","L-VLDL-P","Large VLDL (average diameter 53.6 nm)","0.0098966049881836","0.008417027617541","1.0099457383340062","0.9934209680806776","1.0267453850402175","0.2396812687027034","14868","486073","incident","cox_regression","both","I50","I50 Heart failure","Diseases of the circulatory system","incident_I50"
"Full population","lvldlpl","L-VLDL-PL","Large VLDL (average diameter 53.6 nm)","0.0192265518136782","0.008467954664958","1.0194125722254632","1.002632820470818","1.03647314469852","0.0231768285340715","14871","486122","incident","cox_regression","both","I50","I50 Heart failure","Diseases of the circulatory system","incident_I50"
"Full population","lvldlplpct","L-VLDL-PL %","Large VLDL ratios","0.1692178157587191","0.0104842596919453","1.1843780870420064","1.1602884833731988","1.2089678327127695","1.3315714242295657e-58","14507","470360","incident","cox_regression","both","I50","I50 Heart failure","Diseases of the circulatory system","incident_I50"
"Full population","lvldltg","L-VLDL-TG","Large VLDL (average diameter 53.6 nm)","0.0016459135780707","0.0084283123410633","1.0016472688372684","0.985236486695908","1.0183314003461441","0.8451707120992537","14855","485918","incident","cox_regression","both","I50","I50 Heart failure","Diseases of the circulatory system","incident_I50"
"Full population","lvldltgpct","L-VLDL-TG %","Large VLDL ratios","0.0381733238990144","0.0087027093031586","1.0389112854290625","1.0213405342230044","1.0567843171063254","0.000011525672607801951","14749","482039","incident","cox_regression","both","I50","I50 Heart failure","Diseases of the circulatory system","incident_I50"
"Full population","mhdlc","M-HDL-C","Medium HDL (average diameter 10.9 nm)","-0.2099208212860406","0.0093217796886799","0.8106484295292911","0.7959718090940854","0.8255956665679218","2.6801343582932276e-112","14885","486204","incident","cox_regression","both","I50","I50 Heart failure","Diseases of the circulatory system","incident_I50"
"Full population","mhdlce","M-HDL-CE","Medium HDL (average diameter 10.9 nm)","-0.2062559950789881","0.0092992995403727","0.8136247656846561","0.7989294602331445","0.8285903728499765","5.389595963411141e-109","14885","486211","incident","cox_regression","both","I50","I50 Heart failure","Diseases of the circulatory system","incident_I50"
"Full population","mhdlcepct","M-HDL-CE %","Medium HDL ratios","-0.178138943104967","0.0076902068202843","0.8368261441880606","0.8243074098228115","0.8495350002339352","1.0411408502360286e-118","14876","486143","incident","cox_regression","both","I50","I50 Heart failure","Diseases of the circulatory system","incident_I50"
"Full population","mhdlcpct","M-HDL-C %","Medium HDL ratios","-0.2180478104456957","0.0077978148940782","0.8040869969898342","0.7918909962492966","0.8164708296854865","4.6224940626051115e-172","14882","486211","incident","cox_regression","both","I50","I50 Heart failure","Diseases of the circulatory system","incident_I50"
"Full population","mhdlfc","M-HDL-FC","Medium HDL (average diameter 10.9 nm)","-0.2113643010167576","0.0096453527406454","0.809479119093519","0.7943197488903679","0.824927801636288","1.927736187812476e-106","14884","486168","incident","cox_regression","both","I50","I50 Heart failure","Diseases of the circulatory system","incident_I50"
"Full population","mhdlfcpct","M-HDL-FC %","Medium HDL ratios","-0.2894047337963398","0.0082830268134802","0.7487091161886335","0.7366521594764434","0.7609634119071503","1.8701285312076741e-267","14885","486211","incident","cox_regression","both","I50","I50 Heart failure","Diseases of the circulatory system","incident_I50"
"Full population","mhdll","M-HDL-L","Medium HDL (average diameter 10.9 nm)","-0.1639017609599728","0.0091068537492273","0.8488254055773671","0.8338087709775897","0.8641124850591754","2.0334520089792465e-72","14885","486160","incident","cox_regression","both","I50","I50 Heart failure","Diseases of the circulatory system","incident_I50"
"Full population","mhdlp","M-HDL-P","Medium HDL (average diameter 10.9 nm)","-0.1891576905797779","0.0095095515953181","0.8276559828520214","0.812372409389829","0.8432270939202109","4.8368679915928873e-88","14884","486167","incident","cox_regression","both","I50","I50 Heart failure","Diseases of the circulatory system","incident_I50"
"Full population","mhdlpl","M-HDL-PL","Medium HDL (average diameter 10.9 nm)","-0.1268792210290535","0.0090994439947067","0.8808400531279473","0.8652696112934724","0.8966906835368926","3.440213575359609e-44","14884","486144","incident","cox_regression","both","I50","I50 Heart failure","Diseases of the circulatory system","incident_I50"
"Full population","mhdlplpct","M-HDL-PL %","Medium HDL ratios","0.2718235468880936","0.0079707040001136","1.3123554116830352","1.2920123537592607","1.3330187761460512","6.697491819397268e-255","14884","486197","incident","cox_regression","both","I50","I50 Heart failure","Diseases of the circulatory system","incident_I50"
"Full population","mhdltg","M-HDL-TG","Medium HDL (average diameter 10.9 nm)","0.0721330293849557","0.0082088789724362","1.0747983143126851","1.0576438241331096","1.0922310423324544","1.533389677210965e-18","14852","485734","incident","cox_regression","both","I50","I50 Heart failure","Diseases of the circulatory system","incident_I50"
"Full population","mhdltgpct","M-HDL-TG %","Medium HDL ratios","0.1781494547131601","0.0089651466581673","1.1950039068553613","1.1741890830615218","1.2161877145682465","7.205721756634857e-88","14880","486167","incident","cox_regression","both","I50","I50 Heart failure","Diseases of the circulatory system","incident_I50"
"Full population","mldlc","M-LDL-C","Medium LDL (average diameter 23 nm)","-0.2870145483162832","0.0083669932086872","0.7505008102344864","0.738293486680944","0.7629099759429839","7.033559765249912e-258","14885","486232","incident","cox_regression","both","I50","I50 Heart failure","Diseases of the circulatory system","incident_I50"
"Full population","mldlce","M-LDL-CE","Medium LDL (average diameter 23 nm)","-0.2602721816844283","0.0084916640584726","0.770841748242427","0.7581182952061033","0.7837787382138058","2.617228858553336e-206","14886","486228","incident","cox_regression","both","I50","I50 Heart failure","Diseases of the circulatory system","incident_I50"
"Full population","mldlcepct","M-LDL-CE %","Medium LDL ratios","-0.0947807824392479","0.0083444175343223","0.9095723068369033","0.8948171879842461","0.9245707307302765","6.722403763385116e-30","14874","486047","incident","cox_regression","both","I50","I50 Heart failure","Diseases of the circulatory system","incident_I50"
"Full population","mldlcpct","M-LDL-C %","Medium LDL ratios","-0.3056008934236336","0.0067571005770341","0.7366805748545376","0.7269883614730974","0.7465020048853903","0","14701","484060","incident","cox_regression","both","I50","I50 Heart failure","Diseases of the circulatory system","incident_I50"
"Full population","mldlfc","M-LDL-FC","Medium LDL (average diameter 23 nm)","-0.3384662904834389","0.0084437570594481","0.712862809244542","0.7011621864361298","0.7247586858426668","0","14886","486235","incident","cox_regression","both","I50","I50 Heart failure","Diseases of the circulatory system","incident_I50"
"Full population","mldlfcpct","M-LDL-FC %","Medium LDL ratios","-0.2012023642047949","0.0073610494699298","0.8177469321012035","0.8060334620341676","0.8296306251024896","1.7021347992812358e-164","14814","485430","incident","cox_regression","both","I50","I50 Heart failure","Diseases of the circulatory system","incident_I50"
"Full population","mldll","M-LDL-L","Medium LDL (average diameter 23 nm)","-0.2700779941174034","0.0083387766332802","0.7633199575487383","0.7509456527719804","0.7758981697829039","4.023585420355204e-230","14885","486225","incident","cox_regression","both","I50","I50 Heart failure","Diseases of the circulatory system","incident_I50"
"Full population","mldlp","M-LDL-P","Medium LDL (average diameter 23 nm)","-0.2531043155091919","0.0087208475697022","0.7763868884057825","0.7632289884909572","0.7897716276214982","3.3828703640084993e-185","14886","486229","incident","cox_regression","both","I50","I50 Heart failure","Diseases of the circulatory system","incident_I50"
"Full population","mldlpl","M-LDL-PL","Medium LDL (average diameter 23 nm)","-0.2758245327716391","0.0085672169786148","0.7589460892451799","0.7463084606981202","0.7717977173161685","2.050371712139041e-227","14885","486232","incident","cox_regression","both","I50","I50 Heart failure","Diseases of the circulatory system","incident_I50"
"Full population","mldlplpct","M-LDL-PL %","Medium LDL ratios","0.027507993213333","0.0084138442764041","1.0278898312171199","1.011077767486409","1.0449814436590916","0.0010778620576","14886","486216","incident","cox_regression","both","I50","I50 Heart failure","Diseases of the circulatory system","incident_I50"
"Full population","mldltg","M-LDL-TG","Medium LDL (average diameter 23 nm)","0.0619117932776696","0.0080826509778311","1.0638685002358406","1.0471474965382797","1.0808565073551528","1.8616845127217245e-14","14794","484823","incident","cox_regression","both","I50","I50 Heart failure","Diseases of the circulatory system","incident_I50"
"Full population","mldltgpct","M-LDL-TG %","Medium LDL ratios","0.3448787272660656","0.0075879554771129","1.411818694172515","1.390976939622312","1.4329727319248025","0","14674","483568","incident","cox_regression","both","I50","I50 Heart failure","Diseases of the circulatory system","incident_I50"
"Full population","mufa","MUFA","Fatty acids","0.0370547528537861","0.0083189657249988","1.0377498390478672","1.0209663492626684","1.0548092297279128","0.000008418697062552787","14796","484788","incident","cox_regression","both","I50","I50 Heart failure","Diseases of the circulatory system","incident_I50"
"Full population","mufabyfa","MUFA %","Fatty acid ratios","0.2867798075953146","0.0083697448755258","1.3321308560827698","1.3104559205771917","1.3541642949319506","2.7112712163485574e-257","14873","485660","incident","cox_regression","both","I50","I50 Heart failure","Diseases of the circulatory system","incident_I50"
"Full population","mvldlc","M-VLDL-C","Medium VLDL (average diameter 44.5 nm)","-0.295730949797822","0.0085601772942324","0.7439875711011268","0.7316091195758754","0.7565754596851341","1.5652400467470291e-261","14888","486234","incident","cox_regression","both","I50","I50 Heart failure","Diseases of the circulatory system","incident_I50"
"Full population","mvldlce","M-VLDL-CE","Medium VLDL (average diameter 44.5 nm)","-0.3235565590911111","0.0085309202729011","0.7235710322450954","0.7115730738247911","0.7357712903469795","9.06260429e-299","14888","486237","incident","cox_regression","both","I50","I50 Heart failure","Diseases of the circulatory system","incident_I50"
"Full population","mvldlcepct","M-VLDL-CE %","Medium VLDL ratios","-0.2015780855823794","0.0061672445565775","0.8174397448093889","0.8076181773666999","0.8273807538269885","2.5285709128947924e-234","14889","486286","incident","cox_regression","both","I50","I50 Heart failure","Diseases of the circulatory system","incident_I50"
"Full population","mvldlcpct","M-VLDL-C %","Medium VLDL ratios","-0.225574350365108","0.0068357165759811","0.7980577223589794","0.7874366508729446","0.808822052555904","8.292764233054314e-239","14889","486286","incident","cox_regression","both","I50","I50 Heart failure","Diseases of the circulatory system","incident_I50"
"Full population","mvldlfc","M-VLDL-FC","Medium VLDL (average diameter 44.5 nm)","-0.2329039043017196","0.0086942936624523","0.7922296997327491","0.7788438364620383","0.8058456236743079","4.4426100052388136e-158","14888","486228","incident","cox_regression","both","I50","I50 Heart failure","Diseases of the circulatory system","incident_I50"
"Full population","mvldlfcpct","M-VLDL-FC %","Medium VLDL ratios","-0.2279591396765077","0.0072118296909879","0.7961567903948508","0.7849821299365782","0.807490528406096","2.7722038544490398e-219","14880","486173","incident","cox_regression","both","I50","I50 Heart failure","Diseases of the circulatory system","incident_I50"
"Full population","mvldll","M-VLDL-L","Medium VLDL (average diameter 44.5 nm)","-0.1587592624619259","0.0085124807797284","0.8532017319320748","0.8390846155076236","0.8675563607271002","1.25862922571316e-77","14885","486211","incident","cox_regression","both","I50","I50 Heart failure","Diseases of the circulatory system","incident_I50"
"Full population","mvldlp","M-VLDL-P","Medium VLDL (average diameter 44.5 nm)","-0.1884254613170406","0.0087567328320058","0.8282622387141991","0.814167909139306","0.8426005598833762","1.0612058786188672e-102","14887","486212","incident","cox_regression","both","I50","I50 Heart failure","Diseases of the circulatory system","incident_I50"
"Full population","mvldlpl","M-VLDL-PL","Medium VLDL (average diameter 44.5 nm)","-0.1993500384166237","0.0086302494154036","0.8192630695885126","0.8055215466836291","0.8332390113646514","4.739554906015127e-118","14888","486215","incident","cox_regression","both","I50","I50 Heart failure","Diseases of the circulatory system","incident_I50"
"Full population","mvldlplpct","M-VLDL-PL %","Medium VLDL ratios","-0.2274720998852467","0.0074340976298829","0.7965446448744712","0.7850224748402558","0.8082359315984022","1.2822259065183448e-205","14870","486036","incident","cox_regression","both","I50","I50 Heart failure","Diseases of the circulatory system","incident_I50"
"Full population","mvldltg","M-VLDL-TG","Medium VLDL (average diameter 44.5 nm)","-0.0345622672968135","0.0085292486153658","0.9660281858499241","0.9500130149035397","0.9823133380454264","0.0000507370909318682","14871","486087","incident","cox_regression","both","I50","I50 Heart failure","Diseases of the circulatory system","incident_I50"
"Full population","mvldltgpct","M-VLDL-TG %","Medium VLDL ratios","0.2550553842075624","0.008645530439384","1.290533094046376","1.2688489419195887","1.312587820193382","2.761086723012031e-191","14887","486271","incident","cox_regression","both","I50","I50 Heart failure","Diseases of the circulatory system","incident_I50"
"Full population","nonhdlc","non-HDL-C","Cholesterol","-0.3025079471074341","0.0078836097151826","0.7389626156203128","0.7276320225181536","0.750469647273929","3.9e-306","14887","486232","incident","cox_regression","both","I50","I50 Heart failure","Diseases of the circulatory system","incident_I50"
"Full population","pc","Phosphatidylcholines","Other lipids","-0.2618045420515292","0.0086791363706268","0.7696614454536794","0.7566793847034238","0.7828662344885035","6.858071676275435e-200","14868","485565","incident","cox_regression","both","I50","I50 Heart failure","Diseases of the circulatory system","incident_I50"
"Full population","pg","Phosphoglycerides","Other lipids","-0.2269487690917404","0.0086392752057359","0.7969616103114467","0.7835802883329102","0.8105714471984864","4.288848311064211e-152","14868","485556","incident","cox_regression","both","I50","I50 Heart failure","Diseases of the circulatory system","incident_I50"
"Full population","phe","Phenylalanine","Aromatic amino acids","0.1255266751210081","0.007890468087981","1.1337454113532053","1.1163465647800497","1.1514154280733624","5.519300535758089e-57","14824","485384","incident","cox_regression","both","I50","I50 Heart failure","Diseases of the circulatory system","incident_I50"
"Full population","pufa","PUFA","Fatty acids","-0.2810673221776857","0.0084377207790482","0.7549775070394089","0.7425944174026113","0.7675670901608859","2.692688585851909e-243","14867","485539","incident","cox_regression","both","I50","I50 Heart failure","Diseases of the circulatory system","incident_I50"
"Full population","pufabyfa","PUFA %","Fatty acid ratios","-0.2326175863405284","0.0073379556357287","0.7924565618009644","0.781140709633376","0.8039363389934547","1.5244356843853831e-220","14867","485633","incident","cox_regression","both","I50","I50 Heart failure","Diseases of the circulatory system","incident_I50"
"Full population","pufabymufa","PUFA/MUFA","Fatty acid ratios","-0.2750305567903192","0.0081227755421877","0.7595489134934761","0.747552160025816","0.7717381914449913","2.6585860557835008e-251","14873","485649","incident","cox_regression","both","I50","I50 Heart failure","Diseases of the circulatory system","incident_I50"
"Full population","pureldlc","LDL-C","Cholesterol","-0.3219952312087719","0.0078985253651646","0.7247016462725163","0.7135688568862567","0.7360081245723582","0","14886","486229","incident","cox_regression","both","I50","I50 Heart failure","Diseases of the circulatory system","incident_I50"
"Full population","pureldlce","LDL-CE","Cholesteryl esters","-0.3106821658581414","0.0080627830530164","0.7329467943680621","0.7214550376120626","0.7446215985302813","0","14885","486226","incident","cox_regression","both","I50","I50 Heart failure","Diseases of the circulatory system","incident_I50"
"Full population","pureldld","LDL particle size","Lipoprotein particle sizes","-0.1442212781242079","0.0079639072828808","0.8656961672396438","0.8522882085581404","0.8793150561607066","2.688472300880696e-73","14882","486213","incident","cox_regression","both","I50","I50 Heart failure","Diseases of the circulatory system","incident_I50"
"Full population","pureldlfc","LDL-FC","Free cholesterol","-0.3522406362502094","0.0081600855333853","0.7031109076453094","0.6919549657378682","0.7144467095812271","0","14888","486236","incident","cox_regression","both","I50","I50 Heart failure","Diseases of the circulatory system","incident_I50"
"Full population","pureldll","LDL-L","Total lipids","-0.3042493624627291","0.0079276656549822","0.7376768945865735","0.7263032968455254","0.7492285979842213","3.06e-305","14885","486224","incident","cox_regression","both","I50","I50 Heart failure","Diseases of the circulatory system","incident_I50"
"Full population","pureldlp","LDL-P","Lipoprotein particle concentrations","-0.2701630267768813","0.0087118745361681","0.76325505318225","0.7503329025488901","0.7763997476710426","3.843879546027416e-211","14887","486221","incident","cox_regression","both","I50","I50 Heart failure","Diseases of the circulatory system","incident_I50"
"Full population","pureldlpl","LDL-PL","Phospholipids","-0.3104414087607349","0.0082885388820573","0.733123277754789","0.7213095172577604","0.7451305265307633","5.112886092657534e-292","14887","486235","incident","cox_regression","both","I50","I50 Heart failure","Diseases of the circulatory system","incident_I50"
"Full population","pureldltg","LDL-TG","Triglycerides","0.06230028013437","0.0081469956570228","1.064281879456438","1.0474222740183226","1.0814128618764827","2.0568221811514204e-14","14808","485128","incident","cox_regression","both","I50","I50 Heart failure","Diseases of the circulatory system","incident_I50"
"Full population","pyr","Pyruvate","Glycolysis related metabolites","0.0793949559517725","0.0083461688196998","1.0826318295261002","1.0650656762124884","1.1004877018205494","1.857007553630443e-21","14780","482946","incident","cox_regression","both","I50","I50 Heart failure","Diseases of the circulatory system","incident_I50"
"Full population","remnantc","Remnant-C","Cholesterol","-0.272976206548292","0.008115658222766","0.7611108968688618","0.7490999223658168","0.7733144538354815","5.038890480620995e-248","14888","486240","incident","cox_regression","both","I50","I50 Heart failure","Diseases of the circulatory system","incident_I50"
"Full population","sfa","SFA","Fatty acids","-0.0600466941421598","0.0083575755452675","0.9417205597239053","0.9264200382047284","0.9572737808276167","6.735367186912611e-13","14818","484900","incident","cox_regression","both","I50","I50 Heart failure","Diseases of the circulatory system","incident_I50"
"Full population","sfabyfa","SFA %","Fatty acid ratios","0.1005594521301711","0.0079833758724597","1.105789381284117","1.0886213023710474","1.1232282090176657","2.2182738222126605e-36","14864","485567","incident","cox_regression","both","I50","I50 Heart failure","Diseases of the circulatory system","incident_I50"
"Full population","shdlc","S-HDL-C","Small HDL (average diameter 8.7 nm)","-0.2308334974927371","0.0084893723692081","0.7938716366495151","0.7807715610857204","0.8071915101520801","8.326114002513132e-163","14882","486127","incident","cox_regression","both","I50","I50 Heart failure","Diseases of the circulatory system","incident_I50"
"Full population","shdlce","S-HDL-CE","Small HDL (average diameter 8.7 nm)","-0.2278046057187167","0.0084513542388851","0.7962798331615907","0.783198377006792","0.8095797837619267","5.010487929850141e-160","14883","486142","incident","cox_regression","both","I50","I50 Heart failure","Diseases of the circulatory system","incident_I50"
"Full population","shdlcepct","S-HDL-CE %","Small HDL ratios","-0.1822172420457068","0.0076764369476537","0.8334202668243503","0.820974640577344","0.846054563469959","1.4891970130309682e-124","14858","485973","incident","cox_regression","both","I50","I50 Heart failure","Diseases of the circulatory system","incident_I50"
"Full population","shdlcpct","S-HDL-C %","Small HDL ratios","-0.2209930393755824","0.0076279520424332","0.8017222607583179","0.7898250408091649","0.8137986898173435","1.5054891500598905e-184","14876","486160","incident","cox_regression","both","I50","I50 Heart failure","Diseases of the circulatory system","incident_I50"
"Full population","shdlfc","S-HDL-FC","Small HDL (average diameter 8.7 nm)","-0.1955154186623333","0.0087126203856328","0.8224106629941119","0.8084858071874647","0.8365753518411319","1.5851030660619765e-111","14884","486087","incident","cox_regression","both","I50","I50 Heart failure","Diseases of the circulatory system","incident_I50"
"Full population","shdlfcpct","S-HDL-FC %","Small HDL ratios","-0.1772843141779196","0.0088980428715702","0.8375416257098475","0.8230613981714964","0.852276605797678","2.5219585841809374e-88","14859","485436","incident","cox_regression","both","I50","I50 Heart failure","Diseases of the circulatory system","incident_I50"
"Full population","shdll","S-HDL-L","Small HDL (average diameter 8.7 nm)","-0.1437557281633695","0.0084693176353897","0.866099285885054","0.8518408284034832","0.8805964072143472","1.2855141086467724e-64","14880","486111","incident","cox_regression","both","I50","I50 Heart failure","Diseases of the circulatory system","incident_I50"
"Full population","shdlp","S-HDL-P","Small HDL (average diameter 8.7 nm)","-0.2166516396164974","0.0086061370476752","0.8052104238645941","0.7917420234229375","0.8189079365739974","7.701505485958778e-140","14882","486129","incident","cox_regression","both","I50","I50 Heart failure","Diseases of the circulatory system","incident_I50"
"Full population","shdlpl","S-HDL-PL","Small HDL (average diameter 8.7 nm)","-0.1143926904573794","0.0085419902896445","0.8919076434842821","0.8770993655058426","0.906965933155023","6.751729121174951e-41","14880","486101","incident","cox_regression","both","I50","I50 Heart failure","Diseases of the circulatory system","incident_I50"
"Full population","shdlplpct","S-HDL-PL %","Small HDL ratios","0.1558936820826028","0.0085587605951943","1.1687019425278364","1.1492602922829729","1.1884724806380353","3.9590248534817086e-74","14885","486258","incident","cox_regression","both","I50","I50 Heart failure","Diseases of the circulatory system","incident_I50"
"Full population","shdltg","S-HDL-TG","Small HDL (average diameter 8.7 nm)","0.1108591826999228","0.0082174605050751","1.1172375693987329","1.0993872290760844","1.135377739038302","1.7744083803995362e-41","14853","485915","incident","cox_regression","both","I50","I50 Heart failure","Diseases of the circulatory system","incident_I50"
"Full population","shdltgpct","S-HDL-TG %","Small HDL ratios","0.2137213610056724","0.0090992912265211","1.2382775743012426","1.2163891417086483","1.2605598804207638","5.449054268708348e-122","14866","486105","incident","cox_regression","both","I50","I50 Heart failure","Diseases of the circulatory system","incident_I50"
"Full population","sldlc","S-LDL-C","Small LDL (average diameter 18.7 nm)","-0.2841804403012021","0.0085161104269576","0.7526308275199061","0.7401724963755588","0.7652988530472008","3.7676733819261836e-244","14887","486241","incident","cox_regression","both","I50","I50 Heart failure","Diseases of the circulatory system","incident_I50"
"Full population","sldlce","S-LDL-CE","Small LDL (average diameter 18.7 nm)","-0.2581507713446312","0.0086258759828646","0.772478755665803","0.7595284579920011","0.7856498616688723","8.640077867889552e-197","14885","486222","incident","cox_regression","both","I50","I50 Heart failure","Diseases of the circulatory system","incident_I50"
"Full population","sldlcepct","S-LDL-CE %","Small LDL ratios","-0.1455917957399096","0.0082125561969423","0.8645105280478795","0.8507062383032777","0.8785388180487071","2.551644937378597e-70","14874","485971","incident","cox_regression","both","I50","I50 Heart failure","Diseases of the circulatory system","incident_I50"
"Full population","sldlcpct","S-LDL-C %","Small LDL ratios","-0.3178708510318356","0.0068789757023793","0.7276967636322234","0.7179512254219792","0.7375745887049232","0","14807","485423","incident","cox_regression","both","I50","I50 Heart failure","Diseases of the circulatory system","incident_I50"
"Full population","sldlfc","S-LDL-FC","Small LDL (average diameter 18.7 nm)","-0.3149438405711925","0.0082556693554051","0.7298298599462412","0.718115433110075","0.7417353811243094","1.991317e-301","14888","486252","incident","cox_regression","both","I50","I50 Heart failure","Diseases of the circulatory system","incident_I50"
"Full population","sldlfcpct","S-LDL-FC %","Small LDL ratios","-0.1792664103494593","0.0070051782581437","0.8358831818006458","0.8244848105801189","0.8474391336882919","1.9433731140335547e-144","14752","484329","incident","cox_regression","both","I50","I50 Heart failure","Diseases of the circulatory system","incident_I50"
"Full population","sldll","S-LDL-L","Small LDL (average diameter 18.7 nm)","-0.2578296324160306","0.0084819915263948","0.7727268685029773","0.7599867076356797","0.785680601130536","5.963494500788671e-203","14885","486230","incident","cox_regression","both","I50","I50 Heart failure","Diseases of the circulatory system","incident_I50"
"Full population","sldlp","S-LDL-P","Small LDL (average diameter 18.7 nm)","-0.2304807717660491","0.0086712411488245","0.7941517049902","0.780768643284325","0.8077641641522407","1.1590948607405302e-155","14886","486227","incident","cox_regression","both","I50","I50 Heart failure","Diseases of the circulatory system","incident_I50"
"Full population","sldlpl","S-LDL-PL","Small LDL (average diameter 18.7 nm)","-0.2462364548311069","0.0084709761957716","0.7817373574951036","0.7688652378704498","0.79482497842671","9.04875215237828e-186","14884","486229","incident","cox_regression","both","I50","I50 Heart failure","Diseases of the circulatory system","incident_I50"
"Full population","sldlplpct","S-LDL-PL %","Small LDL ratios","0.1239060472158945","0.0084305543288253","1.1319095199525098","1.1133596555286247","1.1507684466532933","6.712136535966798e-49","14871","486027","incident","cox_regression","both","I50","I50 Heart failure","Diseases of the circulatory system","incident_I50"
"Full population","sldltg","S-LDL-TG","Small LDL (average diameter 18.7 nm)","0.0545093586776986","0.0080887977318469","1.0560223593403828","1.0394121522484376","1.0728980039481781","1.5962282156024786e-11","14786","484819","incident","cox_regression","both","I50","I50 Heart failure","Diseases of the circulatory system","incident_I50"
"Full population","sldltgpct","S-LDL-TG %","Small LDL ratios","0.2611047724215877","0.0079117123481031","1.29836369101571","1.2783853242944079","1.3186542759151043","7.526017609405981e-239","14710","483910","incident","cox_regression","both","I50","I50 Heart failure","Diseases of the circulatory system","incident_I50"
"Full population","sm","Sphingomyelins","Other lipids","-0.2895678128166296","0.0087420048345513","0.7485870273948143","0.7358697527452825","0.7615240815282945","1.3535192808122037e-240","14869","485567","incident","cox_regression","both","I50","I50 Heart failure","Diseases of the circulatory system","incident_I50"
"Full population","svldlc","S-VLDL-C","Small VLDL (average diameter 36.8 nm)","-0.1755261363837367","0.0086145872082248","0.839015468056657","0.824967962023965","0.8533021741975015","2.7613590401894323e-92","14885","486192","incident","cox_regression","both","I50","I50 Heart failure","Diseases of the circulatory system","incident_I50"
"Full population","svldlce","S-VLDL-CE","Small VLDL (average diameter 36.8 nm)","-0.141757295509711","0.0086251815156589","0.8678318576166196","0.853284164741376","0.8826275749797623","1.0692512814126652e-60","14885","486191","incident","cox_regression","both","I50","I50 Heart failure","Diseases of the circulatory system","incident_I50"
"Full population","svldlcepct","S-VLDL-CE %","Small VLDL ratios","-0.1659877824627842","0.0075908978271661","0.8470565830715082","0.8345472287592155","0.8597534449806365","5.393508230396626e-106","14886","486235","incident","cox_regression","both","I50","I50 Heart failure","Diseases of the circulatory system","incident_I50"
"Full population","svldlcpct","S-VLDL-C %","Small VLDL ratios","-0.228953208463772","0.007468724091852","0.7953657490196614","0.7838074347958732","0.8070945064183482","2.2717262400391398e-206","14888","486280","incident","cox_regression","both","I50","I50 Heart failure","Diseases of the circulatory system","incident_I50"
"Full population","svldlfc","S-VLDL-FC","Small VLDL (average diameter 36.8 nm)","-0.2278809193235135","0.0086909282404572","0.7962190684957099","0.7827709624045973","0.8098982147839222","1.549513891690486e-151","14886","486214","incident","cox_regression","both","I50","I50 Heart failure","Diseases of the circulatory system","incident_I50"
"Full population","svldlfcpct","S-VLDL-FC %","Small VLDL ratios","-0.2877532466784611","0.0073968253031097","0.7499466212296088","0.7391524963816942","0.7608983767853985","0","14887","486276","incident","cox_regression","both","I50","I50 Heart failure","Diseases of the circulatory system","incident_I50"
"Full population","svldll","S-VLDL-L","Small VLDL (average diameter 36.8 nm)","-0.0839929452266467","0.008578781585764","0.9194377424971304","0.9041071859094488","0.9350282527373778","1.233432365562711e-22","14877","486147","incident","cox_regression","both","I50","I50 Heart failure","Diseases of the circulatory system","incident_I50"
"Full population","svldlp","S-VLDL-P","Small VLDL (average diameter 36.8 nm)","-0.0569123306676499","0.0085760628473798","0.944676884928066","0.9289304449550332","0.9606902451782531","3.21908064676477e-11","14876","486142","incident","cox_regression","both","I50","I50 Heart failure","Diseases of the circulatory system","incident_I50"
"Full population","svldlpl","S-VLDL-PL","Small VLDL (average diameter 36.8 nm)","-0.1655956509098931","0.0086510418709559","0.8473888058180683","0.8331415752469067","0.8618796727470575","1.135048785259853e-81","14885","486187","incident","cox_regression","both","I50","I50 Heart failure","Diseases of the circulatory system","incident_I50"
"Full population","svldlplpct","S-VLDL-PL %","Small VLDL ratios","-0.2951225057230385","0.0078884920355904","0.7444403836720692","0.7330187848190098","0.756039949206286","2.5143524919436072e-291","14886","486264","incident","cox_regression","both","I50","I50 Heart failure","Diseases of the circulatory system","incident_I50"
"Full population","svldltg","S-VLDL-TG","Small VLDL (average diameter 36.8 nm)","0.0473791524871704","0.0083550676841837","1.0485194824930113","1.0314888250958894","1.0658313288708778","1.4220826787730504e-8","14858","485954","incident","cox_regression","both","I50","I50 Heart failure","Diseases of the circulatory system","incident_I50"
"Full population","svldltgpct","S-VLDL-TG %","Small VLDL ratios","0.2716708790636269","0.008801557533259","1.312155072530467","1.2897131461212645","1.3349875044272428","3.3932118065610593e-209","14888","486280","incident","cox_regression","both","I50","I50 Heart failure","Diseases of the circulatory system","incident_I50"
"Full population","tgbypg","TG/PG","Other lipids","0.1560505824177273","0.0085154364158619","1.1688853266404178","1.1495382350997398","1.1885580358418697","5.169678175512846e-75","14871","485641","incident","cox_regression","both","I50","I50 Heart failure","Diseases of the circulatory system","incident_I50"
"Full population","totalbcaa","Total BCAA","Branched-chain amino acids","0.0437397442687431","0.0083992796029163","1.0447104276283705","1.027652583630595","1.0620514121023024","1.91340986532879e-7","14842","485151","incident","cox_regression","both","I50","I50 Heart failure","Diseases of the circulatory system","incident_I50"
"Full population","totalc","Total-C","Cholesterol","-0.3405648080026036","0.007832203789698","0.7113684226971684","0.7005315132439704","0.7223729742967603","0","14887","486225","incident","cox_regression","both","I50","I50 Heart failure","Diseases of the circulatory system","incident_I50"
"Full population","totalce","Total-CE","Cholesteryl esters","-0.3494647233380785","0.0078809986273291","0.705065393779094","0.6942581034357528","0.7160409177001024","0","14887","486224","incident","cox_regression","both","I50","I50 Heart failure","Diseases of the circulatory system","incident_I50"
"Full population","totalfc","Total-FC","Free cholesterol","-0.3216469078886336","0.0081701773270364","0.7249541207248726","0.7134374905886162","0.7366566575052921","0","14887","486229","incident","cox_regression","both","I50","I50 Heart failure","Diseases of the circulatory system","incident_I50"
"Full population","totall","Total-L","Total lipids","-0.2534076076310344","0.0080675893863004","0.7761514520838227","0.7639750993441949","0.7885218734078417","1.4511788143520994e-216","14883","486191","incident","cox_regression","both","I50","I50 Heart failure","Diseases of the circulatory system","incident_I50"
"Full population","totalp","Total-P","Lipoprotein particle concentrations","-0.2952768557140726","0.0091712428311219","0.7443254881728119","0.7310653013697117","0.7578261904999337","2.011123396543033e-227","14885","486127","incident","cox_regression","both","I50","I50 Heart failure","Diseases of the circulatory system","incident_I50"
"Full population","totalpl","Total-PL","Phospholipids","-0.2713192235332374","0.00840119861616","0.7623730901251512","0.7499223787401362","0.7750305165227963","8.142842320679084e-229","14884","486203","incident","cox_regression","both","I50","I50 Heart failure","Diseases of the circulatory system","incident_I50"
"Full population","totaltg","Total triglycerides","Triglycerides","0.0380526132109178","0.0084203791270812","1.0387858853016472","1.0217825194069243","1.056072202261062","0.00000621003456944114","14838","485695","incident","cox_regression","both","I50","I50 Heart failure","Diseases of the circulatory system","incident_I50"
"Full population","totfa","Total fatty acids","Fatty acids","-0.1000715948231619","0.0084156710547917","0.9047726386799859","0.889971080957052","0.9198203685715591","1.316593895179557e-32","14844","485293","incident","cox_regression","both","I50","I50 Heart failure","Diseases of the circulatory system","incident_I50"
"Full population","tyr","Tyrosine","Aromatic amino acids","0.0976716259530621","0.0079871111127978","1.1026006602146021","1.085474141348733","1.1199973998414179","2.185270974252846e-34","14844","485435","incident","cox_regression","both","I50","I50 Heart failure","Diseases of the circulatory system","incident_I50"
"Full population","unsat","Unsaturation","Fatty acids","-0.2731533100339541","0.0081611243629255","0.7609761134117133","0.7489005256841945","0.7732464130054466","1.3146963800561296e-245","14871","485589","incident","cox_regression","both","I50","I50 Heart failure","Diseases of the circulatory system","incident_I50"
"Full population","val","Valine","Branched-chain amino acids","0.0479327296690392","0.0084082366504479","1.0491000796411039","1.031952445271282","1.066532650943658","1.1932519648234036e-8","14856","485590","incident","cox_regression","both","I50","I50 Heart failure","Diseases of the circulatory system","incident_I50"
"Full population","vldlc","VLDL-C","Cholesterol","-0.1647148588627815","0.0084229884209247","0.8481355079354136","0.8342485360450852","0.862253643537694","3.711259295823138e-85","14886","486215","incident","cox_regression","both","I50","I50 Heart failure","Diseases of the circulatory system","incident_I50"
"Full population","vldlce","VLDL-CE","Cholesteryl esters","-0.2001446784665886","0.008462015973728","0.8186123089364427","0.8051471447362686","0.8323026625918895","1.1223010034961143e-123","14887","486224","incident","cox_regression","both","I50","I50 Heart failure","Diseases of the circulatory system","incident_I50"
"Full population","vldld","VLDL particle size","Lipoprotein particle sizes","0.0464994479756348","0.0087130493156938","1.0475975007690288","1.02985897080344","1.0656415632922402","9.46224573410781e-8","14889","486286","incident","cox_regression","both","I50","I50 Heart failure","Diseases of the circulatory system","incident_I50"
"Full population","vldlfc","VLDL-FC","Free cholesterol","-0.1073008044142595","0.0085600040560303","0.898255433148251","0.8833105756967066","0.913453144771807","4.795455940896555e-36","14884","486191","incident","cox_regression","both","I50","I50 Heart failure","Diseases of the circulatory system","incident_I50"
"Full population","vldll","VLDL-L","Total lipids","-0.0476398743494882","0.0085007893241784","0.953477096816212","0.9377223073341111","0.9694965844820758","2.092544232235132e-8","14870","486067","incident","cox_regression","both","I50","I50 Heart failure","Diseases of the circulatory system","incident_I50"
"Full population","vldlp","VLDL-P","Lipoprotein particle concentrations","-0.0994394798892443","0.0086072728214469","0.9053447397744688","0.8901994550029046","0.9207476967446878","7.1320868925801075e-31","14883","486163","incident","cox_regression","both","I50","I50 Heart failure","Diseases of the circulatory system","incident_I50"
"Full population","vldlpl","VLDL-PL","Phospholipids","-0.0683048282535414","0.0085206298215003","0.9339757279901552","0.9185074505561959","0.9497045015220275","1.0888416000636617e-15","14876","486139","incident","cox_regression","both","I50","I50 Heart failure","Diseases of the circulatory system","incident_I50"
"Full population","vldltg","VLDL-TG","Triglycerides","0.0287908014938841","0.0084574780636533","1.0292092629121137","1.0122890417767254","1.0464123023646574","0.0006636232219770141","14839","485765","incident","cox_regression","both","I50","I50 Heart failure","Diseases of the circulatory system","incident_I50"
"Full population","xlhdlc","XL-HDL-C","Very large HDL (average diameter 14.3 nm)","-0.2111549117264597","0.0099971146912599","0.8096486330983662","0.7939385159843102","0.8256696153169213","5.037567181388362e-99","14857","485253","incident","cox_regression","both","I50","I50 Heart failure","Diseases of the circulatory system","incident_I50"
"Full population","xlhdlce","XL-HDL-CE","Very large HDL (average diameter 14.3 nm)","-0.2232138266777354","0.010163913773667","0.7999437816845839","0.7841655676708622","0.8160394695172623","6.738313477651535e-107","14864","485454","incident","cox_regression","both","I50","I50 Heart failure","Diseases of the circulatory system","incident_I50"
"Full population","xlhdlcepct","XL-HDL-CE %","Very large HDL ratios","-0.2211762799302917","0.0072924951702498","0.8015753661854662","0.7901997080534457","0.8131147874733291","4.711253974036228e-202","14620","481416","incident","cox_regression","both","I50","I50 Heart failure","Diseases of the circulatory system","incident_I50"
"Full population","xlhdlcpct","XL-HDL-C %","Very large HDL ratios","-0.0902601218071567","0.00852300338139","0.9136934827568427","0.898556934648766","0.9290850120239238","3.3096236664283957e-26","14713","481912","incident","cox_regression","both","I50","I50 Heart failure","Diseases of the circulatory system","incident_I50"
"Full population","xlhdlfc","XL-HDL-FC","Very large HDL (average diameter 14.3 nm)","-0.1527379336705924","0.0094092280072402","0.8583546381879619","0.8426698619119621","0.8743313582226596","2.9575289025422952e-59","14845","484879","incident","cox_regression","both","I50","I50 Heart failure","Diseases of the circulatory system","incident_I50"
"Full population","xlhdlfcpct","XL-HDL-FC %","Very large HDL ratios","0.1450261660387535","0.0087629576984174","1.1560698196399692","1.136383406353758","1.1760972752767718","1.603407137942065e-61","14688","482963","incident","cox_regression","both","I50","I50 Heart failure","Diseases of the circulatory system","incident_I50"
"Full population","xlhdll","XL-HDL-L","Very large HDL (average diameter 14.3 nm)","-0.1735356872243336","0.0099032928127376","0.8406871488356596","0.8245263809963932","0.8571646687197049","9.559741448497368e-69","14857","485155","incident","cox_regression","both","I50","I50 Heart failure","Diseases of the circulatory system","incident_I50"
"Full population","xlhdlp","XL-HDL-P","Very large HDL (average diameter 14.3 nm)","-0.2003058933123705","0.0101401285857519","0.8184803471166903","0.8023739200118004","0.8349100860686068","7.442905125948293e-87","14853","484991","incident","cox_regression","both","I50","I50 Heart failure","Diseases of the circulatory system","incident_I50"
"Full population","xlhdlpl","XL-HDL-PL","Very large HDL (average diameter 14.3 nm)","-0.1437300410120976","0.0099260162260945","0.8661215337941686","0.8494340007080828","0.8831369013680038","1.6178242985544594e-47","14858","485269","incident","cox_regression","both","I50","I50 Heart failure","Diseases of the circulatory system","incident_I50"
"Full population","xlhdlplpct","XL-HDL-PL %","Very large HDL ratios","-0.0121784774906425","0.008429524970387","0.9878953800382322","0.971707596492809","1.0043528376471897","0.1485307437326204","14585","480365","incident","cox_regression","both","I50","I50 Heart failure","Diseases of the circulatory system","incident_I50"
"Full population","xlhdltg","XL-HDL-TG","Very large HDL (average diameter 14.3 nm)","0.0082400175863905","0.0083518149584677","1.0082740599703424","0.99190341561153","1.0249148899062026","0.3238319029767411","14819","485213","incident","cox_regression","both","I50","I50 Heart failure","Diseases of the circulatory system","incident_I50"
"Full population","xlhdltgpct","XL-HDL-TG %","Very large HDL ratios","0.1191647629182195","0.0085438646247987","1.1265555175726047","1.1078473280401475","1.1455796318238602","3.2624965392063693e-44","14497","480236","incident","cox_regression","both","I50","I50 Heart failure","Diseases of the circulatory system","incident_I50"
"Full population","xlvldlc","XL-VLDL-C","Very large VLDL (average diameter 64 nm)","-0.0333456710819572","0.0085854328525816","0.9672041672865077","0.9510647624175438","0.9836174550705133","0.00010275930074397344","14880","486186","incident","cox_regression","both","I50","I50 Heart failure","Diseases of the circulatory system","incident_I50"
"Full population","xlvldlce","XL-VLDL-CE","Very large VLDL (average diameter 64 nm)","-0.0829352791968267","0.008675018706356","0.9204107150131912","0.9048932338742269","0.9361942962973263","1.174815392518408e-21","14886","486227","incident","cox_regression","both","I50","I50 Heart failure","Diseases of the circulatory system","incident_I50"
"Full population","xlvldlcepct","XL-VLDL-CE %","Very large VLDL ratios","-0.2205461172333055","0.0087448974235061","0.8020806482682986","0.7884501339948526","0.8159468032136755","2.4188296085298927e-140","14686","478145","incident","cox_regression","both","I50","I50 Heart failure","Diseases of the circulatory system","incident_I50"
"Full population","xlvldlcpct","XL-VLDL-C %","Very large VLDL ratios","-0.2075728418376758","0.008746918511864","0.8125540516870308","0.7987423888828714","0.8266045424688596","1.7277056409462323e-124","14696","478627","incident","cox_regression","both","I50","I50 Heart failure","Diseases of the circulatory system","incident_I50"
"Full population","xlvldlfc","XL-VLDL-FC","Very large VLDL (average diameter 64 nm)","0.0145628182006487","0.0084255220894571","1.0146693726536773","0.9980506972684722","1.0315647678210684","0.0839134348063924","14863","486052","incident","cox_regression","both","I50","I50 Heart failure","Diseases of the circulatory system","incident_I50"
"Full population","xlvldlfcpct","XL-VLDL-FC %","Very large VLDL ratios","-0.1493349487991722","0.0087201563637236","0.8612805816831437","0.8466850838698444","0.876127682554624","9.617808697579677e-66","14670","478249","incident","cox_regression","both","I50","I50 Heart failure","Diseases of the circulatory system","incident_I50"
"Full population","xlvldll","XL-VLDL-L","Very large VLDL (average diameter 64 nm)","0.0361820992298913","0.008392844417016","1.0368446379110965","1.01992808934888","1.0540417647005882","0.000016247001006601858","14852","485871","incident","cox_regression","both","I50","I50 Heart failure","Diseases of the circulatory system","incident_I50"
"Full population","xlvldlp","XL-VLDL-P","Very large VLDL (average diameter 64 nm)","0.0411776244626629","0.0082794717305919","1.0420371804023256","1.0252637123805317","1.0590850648753027","6.576822675632602e-7","14845","485813","incident","cox_regression","both","I50","I50 Heart failure","Diseases of the circulatory system","incident_I50"
"Full population","xlvldlpl","XL-VLDL-PL","Very large VLDL (average diameter 64 nm)","0.0305225318926326","0.0083672989898508","1.0309931200133575","1.01422282127171","1.0480407177015336","0.0002644586656369779","14855","485958","incident","cox_regression","both","I50","I50 Heart failure","Diseases of the circulatory system","incident_I50"
"Full population","xlvldlplpct","XL-VLDL-PL %","Very large VLDL ratios","-0.0438311604012033","0.0086093886399634","0.9571155428359134","0.9411002945472777","0.9734033318720473","3.560136024772509e-7","14431","468488","incident","cox_regression","both","I50","I50 Heart failure","Diseases of the circulatory system","incident_I50"
"Full population","xlvldltg","XL-VLDL-TG","Very large VLDL (average diameter 64 nm)","0.0599781441117743","0.0082268732743811","1.0618133394180915","1.0448292474476544","1.0790735141846073","3.087721184136157e-13","14830","485611","incident","cox_regression","both","I50","I50 Heart failure","Diseases of the circulatory system","incident_I50"
"Full population","xlvldltgpct","XL-VLDL-TG %","Very large VLDL ratios","0.1876713436470616","0.0103094408311123","1.206436947018767","1.1823037192037895","1.2310627831841283","4.81194948391715e-74","14719","480014","incident","cox_regression","both","I50","I50 Heart failure","Diseases of the circulatory system","incident_I50"
"Full population","xsvldlc","XS-VLDL-C","Very small VLDL (average diameter 31.3 nm)","-0.2358487038782316","0.0086549335458528","0.789900173725516","0.7766135813434076","0.8034140780441772","1.6526322201461465e-163","14884","486214","incident","cox_regression","both","I50","I50 Heart failure","Diseases of the circulatory system","incident_I50"
"Full population","xsvldlce","XS-VLDL-CE","Very small VLDL (average diameter 31.3 nm)","-0.2661742469497103","0.0086863511726675","0.7663055894555498","0.7533694792360874","0.7794638256732407","3.2944516410669416e-206","14886","486231","incident","cox_regression","both","I50","I50 Heart failure","Diseases of the circulatory system","incident_I50"
"Full population","xsvldlcepct","XS-VLDL-CE %","Very small VLDL ratios","-0.2938489130460959","0.0067338224320453","0.7453891015049385","0.7356158753307612","0.7552921725520376","0","14875","486182","incident","cox_regression","both","I50","I50 Heart failure","Diseases of the circulatory system","incident_I50"
"Full population","xsvldlcpct","XS-VLDL-C %","Very small VLDL ratios","-0.2894312325858808","0.0068632363150225","0.7486892765662002","0.7386853876864854","0.7588286463886628","0","14871","486129","incident","cox_regression","both","I50","I50 Heart failure","Diseases of the circulatory system","incident_I50"
"Full population","xsvldlfc","XS-VLDL-FC","Very small VLDL (average diameter 31.3 nm)","-0.1505619163325067","0.0086791982012082","0.8602244664143941","0.8457147553839794","0.8749831168334689","2.0621291219651766e-67","14881","486139","incident","cox_regression","both","I50","I50 Heart failure","Diseases of the circulatory system","incident_I50"
"Full population","xsvldlfcpct","XS-VLDL-FC %","Very small VLDL ratios","-0.1719199864005072","0.0071890803361103","0.8420465456481644","0.8302648075295394","0.8539954706110795","2.1879465822922995e-126","14819","485307","incident","cox_regression","both","I50","I50 Heart failure","Diseases of the circulatory system","incident_I50"
"Full population","xsvldll","XS-VLDL-L","Very small VLDL (average diameter 31.3 nm)","-0.1270539257082413","0.0085881147237204","0.880686179690646","0.8659859188271521","0.8956359800267302","1.5977129318179356e-49","14882","486104","incident","cox_regression","both","I50","I50 Heart failure","Diseases of the circulatory system","incident_I50"
"Full population","xsvldlp","XS-VLDL-P","Very small VLDL (average diameter 31.3 nm)","-0.1350801156789014","0.0086712477060098","0.8736459161485101","0.8589232052381954","0.88862098747385","1.0282630894756239e-54","14881","486124","incident","cox_regression","both","I50","I50 Heart failure","Diseases of the circulatory system","incident_I50"
"Full population","xsvldlpl","XS-VLDL-PL","Very small VLDL (average diameter 31.3 nm)","-0.0802940411871754","0.0085767105882682","0.9228449520627532","0.907461267731001","0.9384894274078902","7.833846228039043e-21","14875","486024","incident","cox_regression","both","I50","I50 Heart failure","Diseases of the circulatory system","incident_I50"
"Full population","xsvldlplpct","XS-VLDL-PL %","Very small VLDL ratios","0.3670064625251533","0.0081830978091144","1.4434072471406776","1.420441289827752","1.4667445222962174","0","14884","486034","incident","cox_regression","both","I50","I50 Heart failure","Diseases of the circulatory system","incident_I50"
"Full population","xsvldltg","XS-VLDL-TG","Very small VLDL (average diameter 31.3 nm)","0.0977026671220016","0.0081066260453821","1.102634886759182","1.0852535866220487","1.120294563856485","1.8884459234110528e-33","14823","485460","incident","cox_regression","both","I50","I50 Heart failure","Diseases of the circulatory system","incident_I50"
"Full population","xsvldltgpct","XS-VLDL-TG %","Very small VLDL ratios","0.3015210990536161","0.0082241313462423","1.3519136389355446","1.3302964360076999","1.373882119555921","2.843256982148788e-292","14852","485925","incident","cox_regression","both","I50","I50 Heart failure","Diseases of the circulatory system","incident_I50"
"Full population","xxlvldlc","XXL-VLDL-C","Chylomicrons and extremely large VLDL (particle diameters from 75 nm upwards)","0.0631365017567307","0.0081868211056387","1.0651722271884558","1.0482166927218464","1.0824020276069861","1.2389227598516591e-14","14840","485648","incident","cox_regression","both","I50","I50 Heart failure","Diseases of the circulatory system","incident_I50"
"Full population","xxlvldlce","XXL-VLDL-CE","Chylomicrons and extremely large VLDL (particle diameters from 75 nm upwards)","0.0477633059968023","0.008262181741479","1.048922352309101","1.032073029715165","1.0660467520184156","7.4277483680089375e-9","14849","485815","incident","cox_regression","both","I50","I50 Heart failure","Diseases of the circulatory system","incident_I50"
"Full population","xxlvldlcepct","XXL-VLDL-CE %","Chylomicrons and extremely large VLDL ratios","-0.1287290385750497","0.0087383927560192","0.8792121658538717","0.8642819016149925","0.8944003468555874","4.050314309969743e-49","14015","448748","incident","cox_regression","both","I50","I50 Heart failure","Diseases of the circulatory system","incident_I50"
"Full population","xxlvldlcpct","XXL-VLDL-C %","Chylomicrons and extremely large VLDL ratios","-0.1106556602631016","0.0090681139607747","0.8952469649648463","0.8794758590926398","0.9113008844900495","3.006096693740059e-34","13947","447010","incident","cox_regression","both","I50","I50 Heart failure","Diseases of the circulatory system","incident_I50"
"Full population","xxlvldlfc","XXL-VLDL-FC","Chylomicrons and extremely large VLDL (particle diameters from 75 nm upwards)","0.0791631440223954","0.0080486931022342","1.0823808916392141","1.0654398360946846","1.0995913189053932","7.915154649601481e-23","14824","485430","incident","cox_regression","both","I50","I50 Heart failure","Diseases of the circulatory system","incident_I50"
"Full population","xxlvldlfcpct","XXL-VLDL-FC %","Chylomicrons and extremely large VLDL ratios","-0.0512455250253537","0.0090730826229388","0.9500453819780125","0.9332998314872145","0.9670913862477347","1.6224670957438992e-8","13972","449593","incident","cox_regression","both","I50","I50 Heart failure","Diseases of the circulatory system","incident_I50"
"Full population","xxlvldll","XXL-VLDL-L","Chylomicrons and extremely large VLDL (particle diameters from 75 nm upwards)","0.0798594517652959","0.0081004012200028","1.0831348242889391","1.0660739186087613","1.1004687640407205","6.285590291606626e-23","14795","484956","incident","cox_regression","both","I50","I50 Heart failure","Diseases of the circulatory system","incident_I50"
"Full population","xxlvldlp","XXL-VLDL-P","Chylomicrons and extremely large VLDL (particle diameters from 75 nm upwards)","0.0804778038448982","0.0079113624410064","1.0838047900760495","1.0671286464920784","1.1007415336970896","2.632496867121024e-24","14780","484491","incident","cox_regression","both","I50","I50 Heart failure","Diseases of the circulatory system","incident_I50"
"Full population","xxlvldlpl","XXL-VLDL-PL","Chylomicrons and extremely large VLDL (particle diameters from 75 nm upwards)","0.0905903495162691","0.007977574441702","1.094820419668571","1.0778348965960527","1.1120736163847598","6.954023210572294e-30","14811","485226","incident","cox_regression","both","I50","I50 Heart failure","Diseases of the circulatory system","incident_I50"
"Full population","xxlvldlplpct","XXL-VLDL-PL %","Chylomicrons and extremely large VLDL ratios","0.0933770967455018","0.009394220857591","1.097875662557176","1.0778458046142696","1.1182777399840713","2.792620645838791e-23","13727","434866","incident","cox_regression","both","I50","I50 Heart failure","Diseases of the circulatory system","incident_I50"
"Full population","xxlvldltg","XXL-VLDL-TG","Chylomicrons and extremely large VLDL (particle diameters from 75 nm upwards)","0.0823339253412474","0.0079815080521063","1.0858183315554824","1.0689642292033226","1.1029381684928943","5.991525565712388e-25","14773","484450","incident","cox_regression","both","I50","I50 Heart failure","Diseases of the circulatory system","incident_I50"
"Full population","xxlvldltgpct","XXL-VLDL-TG %","Chylomicrons and extremely large VLDL ratios","0.0496095919257447","0.0093446584870279","1.0508607517579056","1.03178886844732","1.0702851652654493","1.1030601177621305e-7","13899","447470","incident","cox_regression","both","I50","I50 Heart failure","Diseases of the circulatory system","incident_I50"